C:\Users\Acer\Desktop\data\IMG\center_2020_03_21_10_38_52_337.jpg, C:\Users\Acer\Desktop\data\IMG\left_2020_03_21_10_38_52_337.jpg, C:\Users\Acer\Desktop\data\IMG\right_2020_03_21_10_38_52_337.jpg, 0, 0, 0, 7.93628E-05
C:\Users\Acer\Desktop\data\IMG\center_2020_03_21_10_38_52_451.jpg, C:\Users\Acer\Desktop\data\IMG\left_2020_03_21_10_38_52_451.jpg, C:\Users\Acer\Desktop\data\IMG\right_2020_03_21_10_38_52_451.jpg, 0, 0, 0, 7.91577E-05
C:\Users\Acer\Desktop\data\IMG\center_2020_03_21_10_38_52_553.jpg, C:\Users\Acer\Desktop\data\IMG\left_2020_03_21_10_38_52_553.jpg, C:\Users\Acer\Desktop\data\IMG\right_2020_03_21_10_38_52_553.jpg, 0, 0, 0, 8.110826E-05
C:\Users\Acer\Desktop\data\IMG\center_2020_03_21_10_38_52_656.jpg, C:\Users\Acer\Desktop\data\IMG\left_2020_03_21_10_38_52_656.jpg, C:\Users\Acer\Desktop\data\IMG\right_2020_03_21_10_38_52_656.jpg, 0, 0, 0, 7.983431E-05
C:\Users\Acer\Desktop\data\IMG\center_2020_03_21_10_38_52_761.jpg, C:\Users\Acer\Desktop\data\IMG\left_2020_03_21_10_38_52_761.jpg, C:\Users\Acer\Desktop\data\IMG\right_2020_03_21_10_38_52_761.jpg, 0, 0, 0, 7.894117E-05
C:\Users\Acer\Desktop\data\IMG\center_2020_03_21_10_38_52_862.jpg, C:\Users\Acer\Desktop\data\IMG\left_2020_03_21_10_38_52_862.jpg, C:\Users\Acer\Desktop\data\IMG\right_2020_03_21_10_38_52_862.jpg, 0, 0, 0, 8.155865E-05
C:\Users\Acer\Desktop\data\IMG\center_2020_03_21_10_38_52_975.jpg, C:\Users\Acer\Desktop\data\IMG\left_2020_03_21_10_38_52_975.jpg, C:\Users\Acer\Desktop\data\IMG\right_2020_03_21_10_38_52_975.jpg, 0, 0, 0, 7.953666E-05
C:\Users\Acer\Desktop\data\IMG\center_2020_03_21_10_38_53_088.jpg, C:\Users\Acer\Desktop\data\IMG\left_2020_03_21_10_38_53_088.jpg, C:\Users\Acer\Desktop\data\IMG\right_2020_03_21_10_38_53_088.jpg, 0, 0, 0, 7.798924E-05
C:\Users\Acer\Desktop\data\IMG\center_2020_03_21_10_38_53_197.jpg, C:\Users\Acer\Desktop\data\IMG\left_2020_03_21_10_38_53_197.jpg, C:\Users\Acer\Desktop\data\IMG\right_2020_03_21_10_38_53_197.jpg, 0, 0, 0, 7.891766E-05
C:\Users\Acer\Desktop\data\IMG\center_2020_03_21_10_38_53_302.jpg, C:\Users\Acer\Desktop\data\IMG\left_2020_03_21_10_38_53_302.jpg, C:\Users\Acer\Desktop\data\IMG\right_2020_03_21_10_38_53_302.jpg, 0, 0, 0, 7.822214E-05
C:\Users\Acer\Desktop\data\IMG\center_2020_03_21_10_38_53_407.jpg, C:\Users\Acer\Desktop\data\IMG\left_2020_03_21_10_38_53_407.jpg, C:\Users\Acer\Desktop\data\IMG\right_2020_03_21_10_38_53_407.jpg, 0, 0, 0, 8.024009E-05
C:\Users\Acer\Desktop\data\IMG\center_2020_03_21_10_38_53_518.jpg, C:\Users\Acer\Desktop\data\IMG\left_2020_03_21_10_38_53_518.jpg, C:\Users\Acer\Desktop\data\IMG\right_2020_03_21_10_38_53_518.jpg, 0, 0, 0, 8.058981E-05
C:\Users\Acer\Desktop\data\IMG\center_2020_03_21_10_38_53_621.jpg, C:\Users\Acer\Desktop\data\IMG\left_2020_03_21_10_38_53_621.jpg, C:\Users\Acer\Desktop\data\IMG\right_2020_03_21_10_38_53_621.jpg, 0, 0, 0, 8.194635E-05
C:\Users\Acer\Desktop\data\IMG\center_2020_03_21_10_38_53_728.jpg, C:\Users\Acer\Desktop\data\IMG\left_2020_03_21_10_38_53_728.jpg, C:\Users\Acer\Desktop\data\IMG\right_2020_03_21_10_38_53_728.jpg, 0, 0, 0, 8.087287E-05
C:\Users\Acer\Desktop\data\IMG\center_2020_03_21_10_38_53_856.jpg, C:\Users\Acer\Desktop\data\IMG\left_2020_03_21_10_38_53_856.jpg, C:\Users\Acer\Desktop\data\IMG\right_2020_03_21_10_38_53_856.jpg, 0, 0, 0, 7.98011E-05
C:\Users\Acer\Desktop\data\IMG\center_2020_03_21_10_38_53_986.jpg, C:\Users\Acer\Desktop\data\IMG\left_2020_03_21_10_38_53_986.jpg, C:\Users\Acer\Desktop\data\IMG\right_2020_03_21_10_38_53_986.jpg, 0, 0, 0, 8.040241E-05
C:\Users\Acer\Desktop\data\IMG\center_2020_03_21_10_38_54_095.jpg, C:\Users\Acer\Desktop\data\IMG\left_2020_03_21_10_38_54_095.jpg, C:\Users\Acer\Desktop\data\IMG\right_2020_03_21_10_38_54_095.jpg, 0, 0, 0, 8.067816E-05
C:\Users\Acer\Desktop\data\IMG\center_2020_03_21_10_38_54_237.jpg, C:\Users\Acer\Desktop\data\IMG\left_2020_03_21_10_38_54_237.jpg, C:\Users\Acer\Desktop\data\IMG\right_2020_03_21_10_38_54_237.jpg, 0, 0, 0, 7.887292E-05
C:\Users\Acer\Desktop\data\IMG\center_2020_03_21_10_38_54_338.jpg, C:\Users\Acer\Desktop\data\IMG\left_2020_03_21_10_38_54_338.jpg, C:\Users\Acer\Desktop\data\IMG\right_2020_03_21_10_38_54_338.jpg, 0, 0.303341, 0, 0.2657885
C:\Users\Acer\Desktop\data\IMG\center_2020_03_21_10_38_54_444.jpg, C:\Users\Acer\Desktop\data\IMG\left_2020_03_21_10_38_54_444.jpg, C:\Users\Acer\Desktop\data\IMG\right_2020_03_21_10_38_54_444.jpg, -0.03909578, 0.5809478, 0, 0.7969751
C:\Users\Acer\Desktop\data\IMG\center_2020_03_21_10_38_54_554.jpg, C:\Users\Acer\Desktop\data\IMG\left_2020_03_21_10_38_54_554.jpg, C:\Users\Acer\Desktop\data\IMG\right_2020_03_21_10_38_54_554.jpg, -0.4064994, 0.9483515, 0, 1.863831
C:\Users\Acer\Desktop\data\IMG\center_2020_03_21_10_38_54_663.jpg, C:\Users\Acer\Desktop\data\IMG\left_2020_03_21_10_38_54_663.jpg, C:\Users\Acer\Desktop\data\IMG\right_2020_03_21_10_38_54_663.jpg, -0.6964872, 1, 0, 2.890215
C:\Users\Acer\Desktop\data\IMG\center_2020_03_21_10_38_54_777.jpg, C:\Users\Acer\Desktop\data\IMG\left_2020_03_21_10_38_54_777.jpg, C:\Users\Acer\Desktop\data\IMG\right_2020_03_21_10_38_54_777.jpg, -1, 1, 0, 4.174984
C:\Users\Acer\Desktop\data\IMG\center_2020_03_21_10_38_54_877.jpg, C:\Users\Acer\Desktop\data\IMG\left_2020_03_21_10_38_54_877.jpg, C:\Users\Acer\Desktop\data\IMG\right_2020_03_21_10_38_54_877.jpg, -1, 0.699706, 0, 5.080078
C:\Users\Acer\Desktop\data\IMG\center_2020_03_21_10_38_54_985.jpg, C:\Users\Acer\Desktop\data\IMG\left_2020_03_21_10_38_54_985.jpg, C:\Users\Acer\Desktop\data\IMG\right_2020_03_21_10_38_54_985.jpg, -0.7236651, 0.423371, 0, 5.660875
C:\Users\Acer\Desktop\data\IMG\center_2020_03_21_10_38_55_089.jpg, C:\Users\Acer\Desktop\data\IMG\left_2020_03_21_10_38_55_089.jpg, C:\Users\Acer\Desktop\data\IMG\right_2020_03_21_10_38_55_089.jpg, -0.3653846, 0.3087197, 0, 5.965734
C:\Users\Acer\Desktop\data\IMG\center_2020_03_21_10_38_55_203.jpg, C:\Users\Acer\Desktop\data\IMG\left_2020_03_21_10_38_55_203.jpg, C:\Users\Acer\Desktop\data\IMG\right_2020_03_21_10_38_55_203.jpg, -0.06883863, 0.6052657, 0, 6.511006
C:\Users\Acer\Desktop\data\IMG\center_2020_03_21_10_38_55_315.jpg, C:\Users\Acer\Desktop\data\IMG\left_2020_03_21_10_38_55_315.jpg, C:\Users\Acer\Desktop\data\IMG\right_2020_03_21_10_38_55_315.jpg, 0, 0, 0, 7.035531
C:\Users\Acer\Desktop\data\IMG\center_2020_03_21_10_38_55_420.jpg, C:\Users\Acer\Desktop\data\IMG\left_2020_03_21_10_38_55_420.jpg, C:\Users\Acer\Desktop\data\IMG\right_2020_03_21_10_38_55_420.jpg, 0, 0, 0, 6.964873
C:\Users\Acer\Desktop\data\IMG\center_2020_03_21_10_38_55_527.jpg, C:\Users\Acer\Desktop\data\IMG\left_2020_03_21_10_38_55_527.jpg, C:\Users\Acer\Desktop\data\IMG\right_2020_03_21_10_38_55_527.jpg, 0, 0, 0, 6.881089
C:\Users\Acer\Desktop\data\IMG\center_2020_03_21_10_38_55_627.jpg, C:\Users\Acer\Desktop\data\IMG\left_2020_03_21_10_38_55_627.jpg, C:\Users\Acer\Desktop\data\IMG\right_2020_03_21_10_38_55_627.jpg, 0, 0, 0, 6.812039
C:\Users\Acer\Desktop\data\IMG\center_2020_03_21_10_38_55_742.jpg, C:\Users\Acer\Desktop\data\IMG\left_2020_03_21_10_38_55_742.jpg, C:\Users\Acer\Desktop\data\IMG\right_2020_03_21_10_38_55_742.jpg, 0, 0, 0, 6.743682
C:\Users\Acer\Desktop\data\IMG\center_2020_03_21_10_38_55_845.jpg, C:\Users\Acer\Desktop\data\IMG\left_2020_03_21_10_38_55_845.jpg, C:\Users\Acer\Desktop\data\IMG\right_2020_03_21_10_38_55_845.jpg, 0, 0, 0, 6.676012
C:\Users\Acer\Desktop\data\IMG\center_2020_03_21_10_38_55_956.jpg, C:\Users\Acer\Desktop\data\IMG\left_2020_03_21_10_38_55_956.jpg, C:\Users\Acer\Desktop\data\IMG\right_2020_03_21_10_38_55_956.jpg, 0, 0, 0, 6.595702
C:\Users\Acer\Desktop\data\IMG\center_2020_03_21_10_38_56_061.jpg, C:\Users\Acer\Desktop\data\IMG\left_2020_03_21_10_38_56_061.jpg, C:\Users\Acer\Desktop\data\IMG\right_2020_03_21_10_38_56_061.jpg, 0, 0, 0, 6.529516
C:\Users\Acer\Desktop\data\IMG\center_2020_03_21_10_38_56_162.jpg, C:\Users\Acer\Desktop\data\IMG\left_2020_03_21_10_38_56_162.jpg, C:\Users\Acer\Desktop\data\IMG\right_2020_03_21_10_38_56_162.jpg, 0, 0, 0, 6.463904
C:\Users\Acer\Desktop\data\IMG\center_2020_03_21_10_38_56_265.jpg, C:\Users\Acer\Desktop\data\IMG\left_2020_03_21_10_38_56_265.jpg, C:\Users\Acer\Desktop\data\IMG\right_2020_03_21_10_38_56_265.jpg, 0, 0, 0, 6.39905
C:\Users\Acer\Desktop\data\IMG\center_2020_03_21_10_38_56_366.jpg, C:\Users\Acer\Desktop\data\IMG\left_2020_03_21_10_38_56_366.jpg, C:\Users\Acer\Desktop\data\IMG\right_2020_03_21_10_38_56_366.jpg, 0, 0, 0, 6.322082
C:\Users\Acer\Desktop\data\IMG\center_2020_03_21_10_38_56_488.jpg, C:\Users\Acer\Desktop\data\IMG\left_2020_03_21_10_38_56_488.jpg, C:\Users\Acer\Desktop\data\IMG\right_2020_03_21_10_38_56_488.jpg, 0, 0, 0, 6.258648
C:\Users\Acer\Desktop\data\IMG\center_2020_03_21_10_38_56_600.jpg, C:\Users\Acer\Desktop\data\IMG\left_2020_03_21_10_38_56_600.jpg, C:\Users\Acer\Desktop\data\IMG\right_2020_03_21_10_38_56_600.jpg, 0, 0, 0, 6.183367
C:\Users\Acer\Desktop\data\IMG\center_2020_03_21_10_38_56_701.jpg, C:\Users\Acer\Desktop\data\IMG\left_2020_03_21_10_38_56_701.jpg, C:\Users\Acer\Desktop\data\IMG\right_2020_03_21_10_38_56_701.jpg, 0, 0, 0, 6.121323
C:\Users\Acer\Desktop\data\IMG\center_2020_03_21_10_38_56_807.jpg, C:\Users\Acer\Desktop\data\IMG\left_2020_03_21_10_38_56_807.jpg, C:\Users\Acer\Desktop\data\IMG\right_2020_03_21_10_38_56_807.jpg, 0, 0, 0, 6.047689
C:\Users\Acer\Desktop\data\IMG\center_2020_03_21_10_38_56_930.jpg, C:\Users\Acer\Desktop\data\IMG\left_2020_03_21_10_38_56_930.jpg, C:\Users\Acer\Desktop\data\IMG\right_2020_03_21_10_38_56_930.jpg, 0, 0, 0, 5.974939
C:\Users\Acer\Desktop\data\IMG\center_2020_03_21_10_38_57_040.jpg, C:\Users\Acer\Desktop\data\IMG\left_2020_03_21_10_38_57_040.jpg, C:\Users\Acer\Desktop\data\IMG\right_2020_03_21_10_38_57_040.jpg, 0, 0, 0, 5.914975
C:\Users\Acer\Desktop\data\IMG\center_2020_03_21_10_38_57_141.jpg, C:\Users\Acer\Desktop\data\IMG\left_2020_03_21_10_38_57_141.jpg, C:\Users\Acer\Desktop\data\IMG\right_2020_03_21_10_38_57_141.jpg, 0, 0, 0, 5.855616
C:\Users\Acer\Desktop\data\IMG\center_2020_03_21_10_38_57_241.jpg, C:\Users\Acer\Desktop\data\IMG\left_2020_03_21_10_38_57_241.jpg, C:\Users\Acer\Desktop\data\IMG\right_2020_03_21_10_38_57_241.jpg, 0, 0, 0, 5.796788
C:\Users\Acer\Desktop\data\IMG\center_2020_03_21_10_38_57_345.jpg, C:\Users\Acer\Desktop\data\IMG\left_2020_03_21_10_38_57_345.jpg, C:\Users\Acer\Desktop\data\IMG\right_2020_03_21_10_38_57_345.jpg, 0, 0, 0, 5.738629
C:\Users\Acer\Desktop\data\IMG\center_2020_03_21_10_38_57_457.jpg, C:\Users\Acer\Desktop\data\IMG\left_2020_03_21_10_38_57_457.jpg, C:\Users\Acer\Desktop\data\IMG\right_2020_03_21_10_38_57_457.jpg, 0, 0, 0, 5.669608
C:\Users\Acer\Desktop\data\IMG\center_2020_03_21_10_38_57_569.jpg, C:\Users\Acer\Desktop\data\IMG\left_2020_03_21_10_38_57_569.jpg, C:\Users\Acer\Desktop\data\IMG\right_2020_03_21_10_38_57_569.jpg, 0, 0, 0, 5.601417
C:\Users\Acer\Desktop\data\IMG\center_2020_03_21_10_38_57_675.jpg, C:\Users\Acer\Desktop\data\IMG\left_2020_03_21_10_38_57_675.jpg, C:\Users\Acer\Desktop\data\IMG\right_2020_03_21_10_38_57_675.jpg, 0, 0, 0, 5.54522
C:\Users\Acer\Desktop\data\IMG\center_2020_03_21_10_38_57_780.jpg, C:\Users\Acer\Desktop\data\IMG\left_2020_03_21_10_38_57_780.jpg, C:\Users\Acer\Desktop\data\IMG\right_2020_03_21_10_38_57_780.jpg, 0, 0, 0, 5.489586
C:\Users\Acer\Desktop\data\IMG\center_2020_03_21_10_38_57_883.jpg, C:\Users\Acer\Desktop\data\IMG\left_2020_03_21_10_38_57_883.jpg, C:\Users\Acer\Desktop\data\IMG\right_2020_03_21_10_38_57_883.jpg, 0, 0, 0, 5.434511
C:\Users\Acer\Desktop\data\IMG\center_2020_03_21_10_38_57_990.jpg, C:\Users\Acer\Desktop\data\IMG\left_2020_03_21_10_38_57_990.jpg, C:\Users\Acer\Desktop\data\IMG\right_2020_03_21_10_38_57_990.jpg, 0, 0, 0, 5.36915
C:\Users\Acer\Desktop\data\IMG\center_2020_03_21_10_38_58_095.jpg, C:\Users\Acer\Desktop\data\IMG\left_2020_03_21_10_38_58_095.jpg, C:\Users\Acer\Desktop\data\IMG\right_2020_03_21_10_38_58_095.jpg, 0, 0, 0, 5.315283
C:\Users\Acer\Desktop\data\IMG\center_2020_03_21_10_38_58_196.jpg, C:\Users\Acer\Desktop\data\IMG\left_2020_03_21_10_38_58_196.jpg, C:\Users\Acer\Desktop\data\IMG\right_2020_03_21_10_38_58_196.jpg, 0, 0, 0, 5.26195
C:\Users\Acer\Desktop\data\IMG\center_2020_03_21_10_38_58_306.jpg, C:\Users\Acer\Desktop\data\IMG\left_2020_03_21_10_38_58_306.jpg, C:\Users\Acer\Desktop\data\IMG\right_2020_03_21_10_38_58_306.jpg, 0, 0.06959532, 0, 5.220266
C:\Users\Acer\Desktop\data\IMG\center_2020_03_21_10_38_58_407.jpg, C:\Users\Acer\Desktop\data\IMG\left_2020_03_21_10_38_58_407.jpg, C:\Users\Acer\Desktop\data\IMG\right_2020_03_21_10_38_58_407.jpg, 0, 0.3726818, 0, 5.497697
C:\Users\Acer\Desktop\data\IMG\center_2020_03_21_10_38_58_510.jpg, C:\Users\Acer\Desktop\data\IMG\left_2020_03_21_10_38_58_510.jpg, C:\Users\Acer\Desktop\data\IMG\right_2020_03_21_10_38_58_510.jpg, 0, 0.6796998, 0, 6.117805
C:\Users\Acer\Desktop\data\IMG\center_2020_03_21_10_38_58_616.jpg, C:\Users\Acer\Desktop\data\IMG\left_2020_03_21_10_38_58_616.jpg, C:\Users\Acer\Desktop\data\IMG\right_2020_03_21_10_38_58_616.jpg, -0.2914006, 0.9711003, 0, 7.15754
C:\Users\Acer\Desktop\data\IMG\center_2020_03_21_10_38_58_718.jpg, C:\Users\Acer\Desktop\data\IMG\left_2020_03_21_10_38_58_718.jpg, C:\Users\Acer\Desktop\data\IMG\right_2020_03_21_10_38_58_718.jpg, -0.5953977, 1, 0, 8.231069
C:\Users\Acer\Desktop\data\IMG\center_2020_03_21_10_38_58_820.jpg, C:\Users\Acer\Desktop\data\IMG\left_2020_03_21_10_38_58_820.jpg, C:\Users\Acer\Desktop\data\IMG\right_2020_03_21_10_38_58_820.jpg, -0.9018639, 1, 0, 9.217894
C:\Users\Acer\Desktop\data\IMG\center_2020_03_21_10_38_58_921.jpg, C:\Users\Acer\Desktop\data\IMG\left_2020_03_21_10_38_58_921.jpg, C:\Users\Acer\Desktop\data\IMG\right_2020_03_21_10_38_58_921.jpg, -0.6616262, 1, 0, 10.31146
C:\Users\Acer\Desktop\data\IMG\center_2020_03_21_10_38_59_023.jpg, C:\Users\Acer\Desktop\data\IMG\left_2020_03_21_10_38_59_023.jpg, C:\Users\Acer\Desktop\data\IMG\right_2020_03_21_10_38_59_023.jpg, -0.3464572, 1, 0, 11.42347
C:\Users\Acer\Desktop\data\IMG\center_2020_03_21_10_38_59_137.jpg, C:\Users\Acer\Desktop\data\IMG\left_2020_03_21_10_38_59_137.jpg, C:\Users\Acer\Desktop\data\IMG\right_2020_03_21_10_38_59_137.jpg, 0, 1, 0, 12.5787
C:\Users\Acer\Desktop\data\IMG\center_2020_03_21_10_38_59_251.jpg, C:\Users\Acer\Desktop\data\IMG\left_2020_03_21_10_38_59_251.jpg, C:\Users\Acer\Desktop\data\IMG\right_2020_03_21_10_38_59_251.jpg, 0, 1, 0, 13.87464
C:\Users\Acer\Desktop\data\IMG\center_2020_03_21_10_38_59_357.jpg, C:\Users\Acer\Desktop\data\IMG\left_2020_03_21_10_38_59_357.jpg, C:\Users\Acer\Desktop\data\IMG\right_2020_03_21_10_38_59_357.jpg, 0, 1, 0, 15.12207
C:\Users\Acer\Desktop\data\IMG\center_2020_03_21_10_38_59_463.jpg, C:\Users\Acer\Desktop\data\IMG\left_2020_03_21_10_38_59_463.jpg, C:\Users\Acer\Desktop\data\IMG\right_2020_03_21_10_38_59_463.jpg, 0, 1, 0, 16.10802
C:\Users\Acer\Desktop\data\IMG\center_2020_03_21_10_38_59_568.jpg, C:\Users\Acer\Desktop\data\IMG\left_2020_03_21_10_38_59_568.jpg, C:\Users\Acer\Desktop\data\IMG\right_2020_03_21_10_38_59_568.jpg, 0, 1, 0, 17.37949
C:\Users\Acer\Desktop\data\IMG\center_2020_03_21_10_38_59_685.jpg, C:\Users\Acer\Desktop\data\IMG\left_2020_03_21_10_38_59_685.jpg, C:\Users\Acer\Desktop\data\IMG\right_2020_03_21_10_38_59_685.jpg, -0.2949568, 1, 0, 18.3861
C:\Users\Acer\Desktop\data\IMG\center_2020_03_21_10_38_59_785.jpg, C:\Users\Acer\Desktop\data\IMG\left_2020_03_21_10_38_59_785.jpg, C:\Users\Acer\Desktop\data\IMG\right_2020_03_21_10_38_59_785.jpg, -0.6499866, 1, 0, 19.21591
C:\Users\Acer\Desktop\data\IMG\center_2020_03_21_10_38_59_893.jpg, C:\Users\Acer\Desktop\data\IMG\left_2020_03_21_10_38_59_893.jpg, C:\Users\Acer\Desktop\data\IMG\right_2020_03_21_10_38_59_893.jpg, -0.9687569, 1, 0, 19.95509
C:\Users\Acer\Desktop\data\IMG\center_2020_03_21_10_39_00_010.jpg, C:\Users\Acer\Desktop\data\IMG\left_2020_03_21_10_39_00_010.jpg, C:\Users\Acer\Desktop\data\IMG\right_2020_03_21_10_39_00_010.jpg, -0.6151931, 0.6464363, 0, 20.74227
C:\Users\Acer\Desktop\data\IMG\center_2020_03_21_10_39_00_120.jpg, C:\Users\Acer\Desktop\data\IMG\left_2020_03_21_10_39_00_120.jpg, C:\Users\Acer\Desktop\data\IMG\right_2020_03_21_10_39_00_120.jpg, -0.2839413, 0.3151844, 0, 21.20625
C:\Users\Acer\Desktop\data\IMG\center_2020_03_21_10_39_00_222.jpg, C:\Users\Acer\Desktop\data\IMG\left_2020_03_21_10_39_00_222.jpg, C:\Users\Acer\Desktop\data\IMG\right_2020_03_21_10_39_00_222.jpg, 0, 0.6192076, 0, 21.49133
C:\Users\Acer\Desktop\data\IMG\center_2020_03_21_10_39_00_331.jpg, C:\Users\Acer\Desktop\data\IMG\left_2020_03_21_10_39_00_331.jpg, C:\Users\Acer\Desktop\data\IMG\right_2020_03_21_10_39_00_331.jpg, -0.1138934, 0.949614, 0, 22.40391
C:\Users\Acer\Desktop\data\IMG\center_2020_03_21_10_39_00_441.jpg, C:\Users\Acer\Desktop\data\IMG\left_2020_03_21_10_39_00_441.jpg, C:\Users\Acer\Desktop\data\IMG\right_2020_03_21_10_39_00_441.jpg, -0.1080291, 1, 0, 23.3845
C:\Users\Acer\Desktop\data\IMG\center_2020_03_21_10_39_00_551.jpg, C:\Users\Acer\Desktop\data\IMG\left_2020_03_21_10_39_00_551.jpg, C:\Users\Acer\Desktop\data\IMG\right_2020_03_21_10_39_00_551.jpg, 0, 1, 0, 24.53883
C:\Users\Acer\Desktop\data\IMG\center_2020_03_21_10_39_00_661.jpg, C:\Users\Acer\Desktop\data\IMG\left_2020_03_21_10_39_00_661.jpg, C:\Users\Acer\Desktop\data\IMG\right_2020_03_21_10_39_00_661.jpg, 0.3308208, 0.6691792, 0, 25.20275
C:\Users\Acer\Desktop\data\IMG\center_2020_03_21_10_39_00_777.jpg, C:\Users\Acer\Desktop\data\IMG\left_2020_03_21_10_39_00_777.jpg, C:\Users\Acer\Desktop\data\IMG\right_2020_03_21_10_39_00_777.jpg, 0.4505808, 0.3225988, 0, 25.26319
C:\Users\Acer\Desktop\data\IMG\center_2020_03_21_10_39_00_887.jpg, C:\Users\Acer\Desktop\data\IMG\left_2020_03_21_10_39_00_887.jpg, C:\Users\Acer\Desktop\data\IMG\right_2020_03_21_10_39_00_887.jpg, 0.118198, 0, 0, 25.16957
C:\Users\Acer\Desktop\data\IMG\center_2020_03_21_10_39_00_992.jpg, C:\Users\Acer\Desktop\data\IMG\left_2020_03_21_10_39_00_992.jpg, C:\Users\Acer\Desktop\data\IMG\right_2020_03_21_10_39_00_992.jpg, 0, 0.3136899, 0, 25.12587
C:\Users\Acer\Desktop\data\IMG\center_2020_03_21_10_39_01_097.jpg, C:\Users\Acer\Desktop\data\IMG\left_2020_03_21_10_39_01_097.jpg, C:\Users\Acer\Desktop\data\IMG\right_2020_03_21_10_39_01_097.jpg, 0, 0.6281993, 0, 25.46772
C:\Users\Acer\Desktop\data\IMG\center_2020_03_21_10_39_01_198.jpg, C:\Users\Acer\Desktop\data\IMG\left_2020_03_21_10_39_01_198.jpg, C:\Users\Acer\Desktop\data\IMG\right_2020_03_21_10_39_01_198.jpg, -0.3036181, 0.9318174, 0, 26.11721
C:\Users\Acer\Desktop\data\IMG\center_2020_03_21_10_39_01_302.jpg, C:\Users\Acer\Desktop\data\IMG\left_2020_03_21_10_39_01_302.jpg, C:\Users\Acer\Desktop\data\IMG\right_2020_03_21_10_39_01_302.jpg, 0, 1, 0, 27.04804
C:\Users\Acer\Desktop\data\IMG\center_2020_03_21_10_39_01_419.jpg, C:\Users\Acer\Desktop\data\IMG\left_2020_03_21_10_39_01_419.jpg, C:\Users\Acer\Desktop\data\IMG\right_2020_03_21_10_39_01_419.jpg, 0, 1, 0, 28.16683
C:\Users\Acer\Desktop\data\IMG\center_2020_03_21_10_39_01_523.jpg, C:\Users\Acer\Desktop\data\IMG\left_2020_03_21_10_39_01_523.jpg, C:\Users\Acer\Desktop\data\IMG\right_2020_03_21_10_39_01_523.jpg, 0, 1, 0, 29.09137
C:\Users\Acer\Desktop\data\IMG\center_2020_03_21_10_39_01_641.jpg, C:\Users\Acer\Desktop\data\IMG\left_2020_03_21_10_39_01_641.jpg, C:\Users\Acer\Desktop\data\IMG\right_2020_03_21_10_39_01_641.jpg, 0, 1, 0, 30.18244
C:\Users\Acer\Desktop\data\IMG\center_2020_03_21_10_39_01_744.jpg, C:\Users\Acer\Desktop\data\IMG\left_2020_03_21_10_39_01_744.jpg, C:\Users\Acer\Desktop\data\IMG\right_2020_03_21_10_39_01_744.jpg, 0, 1, 0, 30.19033
C:\Users\Acer\Desktop\data\IMG\center_2020_03_21_10_39_01_847.jpg, C:\Users\Acer\Desktop\data\IMG\left_2020_03_21_10_39_01_847.jpg, C:\Users\Acer\Desktop\data\IMG\right_2020_03_21_10_39_01_847.jpg, -0.3636545, 1, 0, 30.1628
C:\Users\Acer\Desktop\data\IMG\center_2020_03_21_10_39_01_952.jpg, C:\Users\Acer\Desktop\data\IMG\left_2020_03_21_10_39_01_952.jpg, C:\Users\Acer\Desktop\data\IMG\right_2020_03_21_10_39_01_952.jpg, -0.6762786, 1, 0, 30.12018
C:\Users\Acer\Desktop\data\IMG\center_2020_03_21_10_39_02_062.jpg, C:\Users\Acer\Desktop\data\IMG\left_2020_03_21_10_39_02_062.jpg, C:\Users\Acer\Desktop\data\IMG\right_2020_03_21_10_39_02_062.jpg, -0.3471133, 1, 0, 30.18979
C:\Users\Acer\Desktop\data\IMG\center_2020_03_21_10_39_02_178.jpg, C:\Users\Acer\Desktop\data\IMG\left_2020_03_21_10_39_02_178.jpg, C:\Users\Acer\Desktop\data\IMG\right_2020_03_21_10_39_02_178.jpg, 0, 1, 0, 30.18608
C:\Users\Acer\Desktop\data\IMG\center_2020_03_21_10_39_02_280.jpg, C:\Users\Acer\Desktop\data\IMG\left_2020_03_21_10_39_02_280.jpg, C:\Users\Acer\Desktop\data\IMG\right_2020_03_21_10_39_02_280.jpg, 0, 1, 0, 30.18974
C:\Users\Acer\Desktop\data\IMG\center_2020_03_21_10_39_02_389.jpg, C:\Users\Acer\Desktop\data\IMG\left_2020_03_21_10_39_02_389.jpg, C:\Users\Acer\Desktop\data\IMG\right_2020_03_21_10_39_02_389.jpg, 0, 1, 0, 30.19029
C:\Users\Acer\Desktop\data\IMG\center_2020_03_21_10_39_02_501.jpg, C:\Users\Acer\Desktop\data\IMG\left_2020_03_21_10_39_02_501.jpg, C:\Users\Acer\Desktop\data\IMG\right_2020_03_21_10_39_02_501.jpg, 0, 1, 0, 30.1903
C:\Users\Acer\Desktop\data\IMG\center_2020_03_21_10_39_02_612.jpg, C:\Users\Acer\Desktop\data\IMG\left_2020_03_21_10_39_02_612.jpg, C:\Users\Acer\Desktop\data\IMG\right_2020_03_21_10_39_02_612.jpg, 0, 1, 0, 30.1903
C:\Users\Acer\Desktop\data\IMG\center_2020_03_21_10_39_02_715.jpg, C:\Users\Acer\Desktop\data\IMG\left_2020_03_21_10_39_02_715.jpg, C:\Users\Acer\Desktop\data\IMG\right_2020_03_21_10_39_02_715.jpg, 0, 1, 0, 30.19032
C:\Users\Acer\Desktop\data\IMG\center_2020_03_21_10_39_02_829.jpg, C:\Users\Acer\Desktop\data\IMG\left_2020_03_21_10_39_02_829.jpg, C:\Users\Acer\Desktop\data\IMG\right_2020_03_21_10_39_02_829.jpg, -0.3408452, 1, 0, 30.16488
C:\Users\Acer\Desktop\data\IMG\center_2020_03_21_10_39_02_935.jpg, C:\Users\Acer\Desktop\data\IMG\left_2020_03_21_10_39_02_935.jpg, C:\Users\Acer\Desktop\data\IMG\right_2020_03_21_10_39_02_935.jpg, -0.02075223, 1, 0, 30.19019
C:\Users\Acer\Desktop\data\IMG\center_2020_03_21_10_39_03_049.jpg, C:\Users\Acer\Desktop\data\IMG\left_2020_03_21_10_39_03_049.jpg, C:\Users\Acer\Desktop\data\IMG\right_2020_03_21_10_39_03_049.jpg, 0, 1, 0, 30.1901
C:\Users\Acer\Desktop\data\IMG\center_2020_03_21_10_39_03_162.jpg, C:\Users\Acer\Desktop\data\IMG\left_2020_03_21_10_39_03_162.jpg, C:\Users\Acer\Desktop\data\IMG\right_2020_03_21_10_39_03_162.jpg, 0, 1, 0, 30.1903
C:\Users\Acer\Desktop\data\IMG\center_2020_03_21_10_39_03_265.jpg, C:\Users\Acer\Desktop\data\IMG\left_2020_03_21_10_39_03_265.jpg, C:\Users\Acer\Desktop\data\IMG\right_2020_03_21_10_39_03_265.jpg, 0, 1, 0, 30.19027
C:\Users\Acer\Desktop\data\IMG\center_2020_03_21_10_39_03_371.jpg, C:\Users\Acer\Desktop\data\IMG\left_2020_03_21_10_39_03_371.jpg, C:\Users\Acer\Desktop\data\IMG\right_2020_03_21_10_39_03_371.jpg, 0, 1, 0, 30.19029
C:\Users\Acer\Desktop\data\IMG\center_2020_03_21_10_39_03_479.jpg, C:\Users\Acer\Desktop\data\IMG\left_2020_03_21_10_39_03_479.jpg, C:\Users\Acer\Desktop\data\IMG\right_2020_03_21_10_39_03_479.jpg, 0, 1, 0, 30.1903
C:\Users\Acer\Desktop\data\IMG\center_2020_03_21_10_39_03_581.jpg, C:\Users\Acer\Desktop\data\IMG\left_2020_03_21_10_39_03_581.jpg, C:\Users\Acer\Desktop\data\IMG\right_2020_03_21_10_39_03_581.jpg, 0, 1, 0, 30.19023
C:\Users\Acer\Desktop\data\IMG\center_2020_03_21_10_39_03_687.jpg, C:\Users\Acer\Desktop\data\IMG\left_2020_03_21_10_39_03_687.jpg, C:\Users\Acer\Desktop\data\IMG\right_2020_03_21_10_39_03_687.jpg, -0.3173231, 1, 0, 30.16629
C:\Users\Acer\Desktop\data\IMG\center_2020_03_21_10_39_03_796.jpg, C:\Users\Acer\Desktop\data\IMG\left_2020_03_21_10_39_03_796.jpg, C:\Users\Acer\Desktop\data\IMG\right_2020_03_21_10_39_03_796.jpg, -0.3989027, 1, 0, 30.17293
C:\Users\Acer\Desktop\data\IMG\center_2020_03_21_10_39_03_909.jpg, C:\Users\Acer\Desktop\data\IMG\left_2020_03_21_10_39_03_909.jpg, C:\Users\Acer\Desktop\data\IMG\right_2020_03_21_10_39_03_909.jpg, -0.0603679, 1, 0, 30.19047
C:\Users\Acer\Desktop\data\IMG\center_2020_03_21_10_39_04_010.jpg, C:\Users\Acer\Desktop\data\IMG\left_2020_03_21_10_39_04_010.jpg, C:\Users\Acer\Desktop\data\IMG\right_2020_03_21_10_39_04_010.jpg, 0, 1, 0, 30.18941
C:\Users\Acer\Desktop\data\IMG\center_2020_03_21_10_39_04_113.jpg, C:\Users\Acer\Desktop\data\IMG\left_2020_03_21_10_39_04_113.jpg, C:\Users\Acer\Desktop\data\IMG\right_2020_03_21_10_39_04_113.jpg, 0, 1, 0, 30.19024
C:\Users\Acer\Desktop\data\IMG\center_2020_03_21_10_39_04_224.jpg, C:\Users\Acer\Desktop\data\IMG\left_2020_03_21_10_39_04_224.jpg, C:\Users\Acer\Desktop\data\IMG\right_2020_03_21_10_39_04_224.jpg, 0, 1, 0, 30.19109
C:\Users\Acer\Desktop\data\IMG\center_2020_03_21_10_39_04_330.jpg, C:\Users\Acer\Desktop\data\IMG\left_2020_03_21_10_39_04_330.jpg, C:\Users\Acer\Desktop\data\IMG\right_2020_03_21_10_39_04_330.jpg, 0, 1, 0, 30.18996
C:\Users\Acer\Desktop\data\IMG\center_2020_03_21_10_39_04_440.jpg, C:\Users\Acer\Desktop\data\IMG\left_2020_03_21_10_39_04_440.jpg, C:\Users\Acer\Desktop\data\IMG\right_2020_03_21_10_39_04_440.jpg, 0, 1, 0, 30.19133
C:\Users\Acer\Desktop\data\IMG\center_2020_03_21_10_39_04_544.jpg, C:\Users\Acer\Desktop\data\IMG\left_2020_03_21_10_39_04_544.jpg, C:\Users\Acer\Desktop\data\IMG\right_2020_03_21_10_39_04_544.jpg, 0, 1, 0, 30.1902
C:\Users\Acer\Desktop\data\IMG\center_2020_03_21_10_39_04_656.jpg, C:\Users\Acer\Desktop\data\IMG\left_2020_03_21_10_39_04_656.jpg, C:\Users\Acer\Desktop\data\IMG\right_2020_03_21_10_39_04_656.jpg, 0, 1, 0, 30.18945
C:\Users\Acer\Desktop\data\IMG\center_2020_03_21_10_39_04_766.jpg, C:\Users\Acer\Desktop\data\IMG\left_2020_03_21_10_39_04_766.jpg, C:\Users\Acer\Desktop\data\IMG\right_2020_03_21_10_39_04_766.jpg, 0, 1, 0, 30.19052
C:\Users\Acer\Desktop\data\IMG\center_2020_03_21_10_39_04_879.jpg, C:\Users\Acer\Desktop\data\IMG\left_2020_03_21_10_39_04_879.jpg, C:\Users\Acer\Desktop\data\IMG\right_2020_03_21_10_39_04_879.jpg, 0, 1, 0, 30.19034
C:\Users\Acer\Desktop\data\IMG\center_2020_03_21_10_39_04_989.jpg, C:\Users\Acer\Desktop\data\IMG\left_2020_03_21_10_39_04_989.jpg, C:\Users\Acer\Desktop\data\IMG\right_2020_03_21_10_39_04_989.jpg, 0, 1, 0, 30.19036
C:\Users\Acer\Desktop\data\IMG\center_2020_03_21_10_39_05_106.jpg, C:\Users\Acer\Desktop\data\IMG\left_2020_03_21_10_39_05_106.jpg, C:\Users\Acer\Desktop\data\IMG\right_2020_03_21_10_39_05_106.jpg, 0, 1, 0, 30.19036
C:\Users\Acer\Desktop\data\IMG\center_2020_03_21_10_39_05_217.jpg, C:\Users\Acer\Desktop\data\IMG\left_2020_03_21_10_39_05_217.jpg, C:\Users\Acer\Desktop\data\IMG\right_2020_03_21_10_39_05_217.jpg, 0, 1, 0, 30.19035
C:\Users\Acer\Desktop\data\IMG\center_2020_03_21_10_39_05_319.jpg, C:\Users\Acer\Desktop\data\IMG\left_2020_03_21_10_39_05_319.jpg, C:\Users\Acer\Desktop\data\IMG\right_2020_03_21_10_39_05_319.jpg, -0.3056029, 1, 0, 30.1719
C:\Users\Acer\Desktop\data\IMG\center_2020_03_21_10_39_05_423.jpg, C:\Users\Acer\Desktop\data\IMG\left_2020_03_21_10_39_05_423.jpg, C:\Users\Acer\Desktop\data\IMG\right_2020_03_21_10_39_05_423.jpg, 0, 1, 0, 30.19077
C:\Users\Acer\Desktop\data\IMG\center_2020_03_21_10_39_05_539.jpg, C:\Users\Acer\Desktop\data\IMG\left_2020_03_21_10_39_05_539.jpg, C:\Users\Acer\Desktop\data\IMG\right_2020_03_21_10_39_05_539.jpg, 0, 1, 0, 30.19067
C:\Users\Acer\Desktop\data\IMG\center_2020_03_21_10_39_05_646.jpg, C:\Users\Acer\Desktop\data\IMG\left_2020_03_21_10_39_05_646.jpg, C:\Users\Acer\Desktop\data\IMG\right_2020_03_21_10_39_05_646.jpg, 0, 1, 0, 30.19132
C:\Users\Acer\Desktop\data\IMG\center_2020_03_21_10_39_05_744.jpg, C:\Users\Acer\Desktop\data\IMG\left_2020_03_21_10_39_05_744.jpg, C:\Users\Acer\Desktop\data\IMG\right_2020_03_21_10_39_05_744.jpg, 0, 1, 0, 30.19052
C:\Users\Acer\Desktop\data\IMG\center_2020_03_21_10_39_05_857.jpg, C:\Users\Acer\Desktop\data\IMG\left_2020_03_21_10_39_05_857.jpg, C:\Users\Acer\Desktop\data\IMG\right_2020_03_21_10_39_05_857.jpg, -0.05360126, 1, 0, 30.18944
C:\Users\Acer\Desktop\data\IMG\center_2020_03_21_10_39_05_965.jpg, C:\Users\Acer\Desktop\data\IMG\left_2020_03_21_10_39_05_965.jpg, C:\Users\Acer\Desktop\data\IMG\right_2020_03_21_10_39_05_965.jpg, -0.3750016, 1, 0, 30.16025
C:\Users\Acer\Desktop\data\IMG\center_2020_03_21_10_39_06_071.jpg, C:\Users\Acer\Desktop\data\IMG\left_2020_03_21_10_39_06_071.jpg, C:\Users\Acer\Desktop\data\IMG\right_2020_03_21_10_39_06_071.jpg, -0.05626576, 1, 0, 30.19078
C:\Users\Acer\Desktop\data\IMG\center_2020_03_21_10_39_06_189.jpg, C:\Users\Acer\Desktop\data\IMG\left_2020_03_21_10_39_06_189.jpg, C:\Users\Acer\Desktop\data\IMG\right_2020_03_21_10_39_06_189.jpg, 0, 1, 0, 30.19007
C:\Users\Acer\Desktop\data\IMG\center_2020_03_21_10_39_06_292.jpg, C:\Users\Acer\Desktop\data\IMG\left_2020_03_21_10_39_06_292.jpg, C:\Users\Acer\Desktop\data\IMG\right_2020_03_21_10_39_06_292.jpg, 0, 1, 0, 30.19027
C:\Users\Acer\Desktop\data\IMG\center_2020_03_21_10_39_06_405.jpg, C:\Users\Acer\Desktop\data\IMG\left_2020_03_21_10_39_06_405.jpg, C:\Users\Acer\Desktop\data\IMG\right_2020_03_21_10_39_06_405.jpg, 0, 1, 0, 30.19006
C:\Users\Acer\Desktop\data\IMG\center_2020_03_21_10_39_06_515.jpg, C:\Users\Acer\Desktop\data\IMG\left_2020_03_21_10_39_06_515.jpg, C:\Users\Acer\Desktop\data\IMG\right_2020_03_21_10_39_06_515.jpg, 0, 1, 0, 30.19027
C:\Users\Acer\Desktop\data\IMG\center_2020_03_21_10_39_06_652.jpg, C:\Users\Acer\Desktop\data\IMG\left_2020_03_21_10_39_06_652.jpg, C:\Users\Acer\Desktop\data\IMG\right_2020_03_21_10_39_06_652.jpg, -0.4051352, 1, 0, 30.16753
C:\Users\Acer\Desktop\data\IMG\center_2020_03_21_10_39_06_762.jpg, C:\Users\Acer\Desktop\data\IMG\left_2020_03_21_10_39_06_762.jpg, C:\Users\Acer\Desktop\data\IMG\right_2020_03_21_10_39_06_762.jpg, -0.7014633, 1, 0, 30.12552
C:\Users\Acer\Desktop\data\IMG\center_2020_03_21_10_39_06_877.jpg, C:\Users\Acer\Desktop\data\IMG\left_2020_03_21_10_39_06_877.jpg, C:\Users\Acer\Desktop\data\IMG\right_2020_03_21_10_39_06_877.jpg, -0.9491272, 1, 0, 30.10352
C:\Users\Acer\Desktop\data\IMG\center_2020_03_21_10_39_06_990.jpg, C:\Users\Acer\Desktop\data\IMG\left_2020_03_21_10_39_06_990.jpg, C:\Users\Acer\Desktop\data\IMG\right_2020_03_21_10_39_06_990.jpg, -0.6079623, 1, 0, 30.19429
C:\Users\Acer\Desktop\data\IMG\center_2020_03_21_10_39_07_099.jpg, C:\Users\Acer\Desktop\data\IMG\left_2020_03_21_10_39_07_099.jpg, C:\Users\Acer\Desktop\data\IMG\right_2020_03_21_10_39_07_099.jpg, -0.2837695, 1, 0, 30.20374
C:\Users\Acer\Desktop\data\IMG\center_2020_03_21_10_39_07_203.jpg, C:\Users\Acer\Desktop\data\IMG\left_2020_03_21_10_39_07_203.jpg, C:\Users\Acer\Desktop\data\IMG\right_2020_03_21_10_39_07_203.jpg, -0.009306833, 1, 0, 30.18034
C:\Users\Acer\Desktop\data\IMG\center_2020_03_21_10_39_07_315.jpg, C:\Users\Acer\Desktop\data\IMG\left_2020_03_21_10_39_07_315.jpg, C:\Users\Acer\Desktop\data\IMG\right_2020_03_21_10_39_07_315.jpg, 0.3341437, 1, 0, 29.82336
C:\Users\Acer\Desktop\data\IMG\center_2020_03_21_10_39_07_420.jpg, C:\Users\Acer\Desktop\data\IMG\left_2020_03_21_10_39_07_420.jpg, C:\Users\Acer\Desktop\data\IMG\right_2020_03_21_10_39_07_420.jpg, 0.6483168, 1, 0, 29.90848
C:\Users\Acer\Desktop\data\IMG\center_2020_03_21_10_39_07_533.jpg, C:\Users\Acer\Desktop\data\IMG\left_2020_03_21_10_39_07_533.jpg, C:\Users\Acer\Desktop\data\IMG\right_2020_03_21_10_39_07_533.jpg, 0.3082662, 1, 0, 30.01063
C:\Users\Acer\Desktop\data\IMG\center_2020_03_21_10_39_07_647.jpg, C:\Users\Acer\Desktop\data\IMG\left_2020_03_21_10_39_07_647.jpg, C:\Users\Acer\Desktop\data\IMG\right_2020_03_21_10_39_07_647.jpg, 0, 1, 0, 29.59403
C:\Users\Acer\Desktop\data\IMG\center_2020_03_21_10_39_07_768.jpg, C:\Users\Acer\Desktop\data\IMG\left_2020_03_21_10_39_07_768.jpg, C:\Users\Acer\Desktop\data\IMG\right_2020_03_21_10_39_07_768.jpg, 0, 1, 0, 29.44932
C:\Users\Acer\Desktop\data\IMG\center_2020_03_21_10_39_07_872.jpg, C:\Users\Acer\Desktop\data\IMG\left_2020_03_21_10_39_07_872.jpg, C:\Users\Acer\Desktop\data\IMG\right_2020_03_21_10_39_07_872.jpg, 0.311794, 1, 0, 27.85257
C:\Users\Acer\Desktop\data\IMG\center_2020_03_21_10_39_07_984.jpg, C:\Users\Acer\Desktop\data\IMG\left_2020_03_21_10_39_07_984.jpg, C:\Users\Acer\Desktop\data\IMG\right_2020_03_21_10_39_07_984.jpg, 0.6045398, 1, 0, 28.02962
C:\Users\Acer\Desktop\data\IMG\center_2020_03_21_10_39_08_093.jpg, C:\Users\Acer\Desktop\data\IMG\left_2020_03_21_10_39_08_093.jpg, C:\Users\Acer\Desktop\data\IMG\right_2020_03_21_10_39_08_093.jpg, 0.9747596, 1, 0, 27.61266
C:\Users\Acer\Desktop\data\IMG\center_2020_03_21_10_39_08_205.jpg, C:\Users\Acer\Desktop\data\IMG\left_2020_03_21_10_39_08_205.jpg, C:\Users\Acer\Desktop\data\IMG\right_2020_03_21_10_39_08_205.jpg, 1, 1, 0, 27.34575
C:\Users\Acer\Desktop\data\IMG\center_2020_03_21_10_39_08_317.jpg, C:\Users\Acer\Desktop\data\IMG\left_2020_03_21_10_39_08_317.jpg, C:\Users\Acer\Desktop\data\IMG\right_2020_03_21_10_39_08_317.jpg, 1, 1, 0, 26.85161
C:\Users\Acer\Desktop\data\IMG\center_2020_03_21_10_39_08_438.jpg, C:\Users\Acer\Desktop\data\IMG\left_2020_03_21_10_39_08_438.jpg, C:\Users\Acer\Desktop\data\IMG\right_2020_03_21_10_39_08_438.jpg, 1, 1, 0, 22.84551
C:\Users\Acer\Desktop\data\IMG\center_2020_03_21_10_39_08_539.jpg, C:\Users\Acer\Desktop\data\IMG\left_2020_03_21_10_39_08_539.jpg, C:\Users\Acer\Desktop\data\IMG\right_2020_03_21_10_39_08_539.jpg, 0.6907344, 1, 0, 20.46338
C:\Users\Acer\Desktop\data\IMG\center_2020_03_21_10_39_08_661.jpg, C:\Users\Acer\Desktop\data\IMG\left_2020_03_21_10_39_08_661.jpg, C:\Users\Acer\Desktop\data\IMG\right_2020_03_21_10_39_08_661.jpg, 0.3340775, 1, 0, 20.69118
C:\Users\Acer\Desktop\data\IMG\center_2020_03_21_10_39_08_771.jpg, C:\Users\Acer\Desktop\data\IMG\left_2020_03_21_10_39_08_771.jpg, C:\Users\Acer\Desktop\data\IMG\right_2020_03_21_10_39_08_771.jpg, 0, 1, 0, 21.74158
C:\Users\Acer\Desktop\data\IMG\center_2020_03_21_10_39_08_884.jpg, C:\Users\Acer\Desktop\data\IMG\left_2020_03_21_10_39_08_884.jpg, C:\Users\Acer\Desktop\data\IMG\right_2020_03_21_10_39_08_884.jpg, 0, 1, 0, 22.30834
C:\Users\Acer\Desktop\data\IMG\center_2020_03_21_10_39_09_001.jpg, C:\Users\Acer\Desktop\data\IMG\left_2020_03_21_10_39_09_001.jpg, C:\Users\Acer\Desktop\data\IMG\right_2020_03_21_10_39_09_001.jpg, 0, 1, 0, 23.90068
C:\Users\Acer\Desktop\data\IMG\center_2020_03_21_10_39_09_110.jpg, C:\Users\Acer\Desktop\data\IMG\left_2020_03_21_10_39_09_110.jpg, C:\Users\Acer\Desktop\data\IMG\right_2020_03_21_10_39_09_110.jpg, 0, 1, 0, 25.03938
C:\Users\Acer\Desktop\data\IMG\center_2020_03_21_10_39_09_210.jpg, C:\Users\Acer\Desktop\data\IMG\left_2020_03_21_10_39_09_210.jpg, C:\Users\Acer\Desktop\data\IMG\right_2020_03_21_10_39_09_210.jpg, 0, 1, 0, 25.9529
C:\Users\Acer\Desktop\data\IMG\center_2020_03_21_10_39_09_323.jpg, C:\Users\Acer\Desktop\data\IMG\left_2020_03_21_10_39_09_323.jpg, C:\Users\Acer\Desktop\data\IMG\right_2020_03_21_10_39_09_323.jpg, 0, 1, 0, 26.93237
C:\Users\Acer\Desktop\data\IMG\center_2020_03_21_10_39_09_424.jpg, C:\Users\Acer\Desktop\data\IMG\left_2020_03_21_10_39_09_424.jpg, C:\Users\Acer\Desktop\data\IMG\right_2020_03_21_10_39_09_424.jpg, 0, 1, 0, 27.90049
C:\Users\Acer\Desktop\data\IMG\center_2020_03_21_10_39_09_537.jpg, C:\Users\Acer\Desktop\data\IMG\left_2020_03_21_10_39_09_537.jpg, C:\Users\Acer\Desktop\data\IMG\right_2020_03_21_10_39_09_537.jpg, 0, 1, 0, 28.99929
C:\Users\Acer\Desktop\data\IMG\center_2020_03_21_10_39_09_645.jpg, C:\Users\Acer\Desktop\data\IMG\left_2020_03_21_10_39_09_645.jpg, C:\Users\Acer\Desktop\data\IMG\right_2020_03_21_10_39_09_645.jpg, 0, 0, 0, 29.83067
C:\Users\Acer\Desktop\data\IMG\center_2020_03_21_10_39_09_768.jpg, C:\Users\Acer\Desktop\data\IMG\left_2020_03_21_10_39_09_768.jpg, C:\Users\Acer\Desktop\data\IMG\right_2020_03_21_10_39_09_768.jpg, 0, 0, 0, 30.10022
C:\Users\Acer\Desktop\data\IMG\center_2020_03_21_10_39_09_870.jpg, C:\Users\Acer\Desktop\data\IMG\left_2020_03_21_10_39_09_870.jpg, C:\Users\Acer\Desktop\data\IMG\right_2020_03_21_10_39_09_870.jpg, 0, 0, 0, 30.00454
C:\Users\Acer\Desktop\data\IMG\center_2020_03_21_10_39_09_980.jpg, C:\Users\Acer\Desktop\data\IMG\left_2020_03_21_10_39_09_980.jpg, C:\Users\Acer\Desktop\data\IMG\right_2020_03_21_10_39_09_980.jpg, 0, 0, 0, 30.05386
C:\Users\Acer\Desktop\data\IMG\center_2020_03_21_10_39_10_088.jpg, C:\Users\Acer\Desktop\data\IMG\left_2020_03_21_10_39_10_088.jpg, C:\Users\Acer\Desktop\data\IMG\right_2020_03_21_10_39_10_088.jpg, 0, 0, 0, 29.75836
C:\Users\Acer\Desktop\data\IMG\center_2020_03_21_10_39_10_205.jpg, C:\Users\Acer\Desktop\data\IMG\left_2020_03_21_10_39_10_205.jpg, C:\Users\Acer\Desktop\data\IMG\right_2020_03_21_10_39_10_205.jpg, 0, 0, 0, 29.46306
C:\Users\Acer\Desktop\data\IMG\center_2020_03_21_10_39_10_315.jpg, C:\Users\Acer\Desktop\data\IMG\left_2020_03_21_10_39_10_315.jpg, C:\Users\Acer\Desktop\data\IMG\right_2020_03_21_10_39_10_315.jpg, 0, 0, 0, 29.11284
C:\Users\Acer\Desktop\data\IMG\center_2020_03_21_10_39_10_428.jpg, C:\Users\Acer\Desktop\data\IMG\left_2020_03_21_10_39_10_428.jpg, C:\Users\Acer\Desktop\data\IMG\right_2020_03_21_10_39_10_428.jpg, 0, 0, 0, 28.76511
C:\Users\Acer\Desktop\data\IMG\center_2020_03_21_10_39_10_529.jpg, C:\Users\Acer\Desktop\data\IMG\left_2020_03_21_10_39_10_529.jpg, C:\Users\Acer\Desktop\data\IMG\right_2020_03_21_10_39_10_529.jpg, 0, 0, 0, 28.47859
C:\Users\Acer\Desktop\data\IMG\center_2020_03_21_10_39_10_642.jpg, C:\Users\Acer\Desktop\data\IMG\left_2020_03_21_10_39_10_642.jpg, C:\Users\Acer\Desktop\data\IMG\right_2020_03_21_10_39_10_642.jpg, 0, 0, 0, 28.19494
C:\Users\Acer\Desktop\data\IMG\center_2020_03_21_10_39_10_768.jpg, C:\Users\Acer\Desktop\data\IMG\left_2020_03_21_10_39_10_768.jpg, C:\Users\Acer\Desktop\data\IMG\right_2020_03_21_10_39_10_768.jpg, 0, 0, 0, 27.8026
C:\Users\Acer\Desktop\data\IMG\center_2020_03_21_10_39_10_883.jpg, C:\Users\Acer\Desktop\data\IMG\left_2020_03_21_10_39_10_883.jpg, C:\Users\Acer\Desktop\data\IMG\right_2020_03_21_10_39_10_883.jpg, 0, 0, 0, 27.52574
C:\Users\Acer\Desktop\data\IMG\center_2020_03_21_10_39_10_992.jpg, C:\Users\Acer\Desktop\data\IMG\left_2020_03_21_10_39_10_992.jpg, C:\Users\Acer\Desktop\data\IMG\right_2020_03_21_10_39_10_992.jpg, 0, 0, 0, 27.19718
C:\Users\Acer\Desktop\data\IMG\center_2020_03_21_10_39_11_108.jpg, C:\Users\Acer\Desktop\data\IMG\left_2020_03_21_10_39_11_108.jpg, C:\Users\Acer\Desktop\data\IMG\right_2020_03_21_10_39_11_108.jpg, 0, 0, 0, 26.87175
C:\Users\Acer\Desktop\data\IMG\center_2020_03_21_10_39_11_218.jpg, C:\Users\Acer\Desktop\data\IMG\left_2020_03_21_10_39_11_218.jpg, C:\Users\Acer\Desktop\data\IMG\right_2020_03_21_10_39_11_218.jpg, 0, 0, 0, 26.60288
C:\Users\Acer\Desktop\data\IMG\center_2020_03_21_10_39_11_319.jpg, C:\Users\Acer\Desktop\data\IMG\left_2020_03_21_10_39_11_319.jpg, C:\Users\Acer\Desktop\data\IMG\right_2020_03_21_10_39_11_319.jpg, 0, 0, 0, 26.33662
C:\Users\Acer\Desktop\data\IMG\center_2020_03_21_10_39_11_421.jpg, C:\Users\Acer\Desktop\data\IMG\left_2020_03_21_10_39_11_421.jpg, C:\Users\Acer\Desktop\data\IMG\right_2020_03_21_10_39_11_421.jpg, 0, 0, 0, 26.07224
C:\Users\Acer\Desktop\data\IMG\center_2020_03_21_10_39_11_532.jpg, C:\Users\Acer\Desktop\data\IMG\left_2020_03_21_10_39_11_532.jpg, C:\Users\Acer\Desktop\data\IMG\right_2020_03_21_10_39_11_532.jpg, 0, 0, 0, 25.75846
C:\Users\Acer\Desktop\data\IMG\center_2020_03_21_10_39_11_642.jpg, C:\Users\Acer\Desktop\data\IMG\left_2020_03_21_10_39_11_642.jpg, C:\Users\Acer\Desktop\data\IMG\right_2020_03_21_10_39_11_642.jpg, 0, 0, 0, 25.49984
C:\Users\Acer\Desktop\data\IMG\center_2020_03_21_10_39_11_756.jpg, C:\Users\Acer\Desktop\data\IMG\left_2020_03_21_10_39_11_756.jpg, C:\Users\Acer\Desktop\data\IMG\right_2020_03_21_10_39_11_756.jpg, 0, 0, 0, 25.19291
C:\Users\Acer\Desktop\data\IMG\center_2020_03_21_10_39_11_861.jpg, C:\Users\Acer\Desktop\data\IMG\left_2020_03_21_10_39_11_861.jpg, C:\Users\Acer\Desktop\data\IMG\right_2020_03_21_10_39_11_861.jpg, 0, 0, 0, 24.93996
C:\Users\Acer\Desktop\data\IMG\center_2020_03_21_10_39_11_964.jpg, C:\Users\Acer\Desktop\data\IMG\left_2020_03_21_10_39_11_964.jpg, C:\Users\Acer\Desktop\data\IMG\right_2020_03_21_10_39_11_964.jpg, 0, 0, 0, 24.68764
C:\Users\Acer\Desktop\data\IMG\center_2020_03_21_10_39_12_078.jpg, C:\Users\Acer\Desktop\data\IMG\left_2020_03_21_10_39_12_078.jpg, C:\Users\Acer\Desktop\data\IMG\right_2020_03_21_10_39_12_078.jpg, 0, 0, 0, 24.3879
C:\Users\Acer\Desktop\data\IMG\center_2020_03_21_10_39_12_215.jpg, C:\Users\Acer\Desktop\data\IMG\left_2020_03_21_10_39_12_215.jpg, C:\Users\Acer\Desktop\data\IMG\right_2020_03_21_10_39_12_215.jpg, 0, 0, 0, 24.04179
C:\Users\Acer\Desktop\data\IMG\center_2020_03_21_10_39_12_318.jpg, C:\Users\Acer\Desktop\data\IMG\left_2020_03_21_10_39_12_318.jpg, C:\Users\Acer\Desktop\data\IMG\right_2020_03_21_10_39_12_318.jpg, 0, 0, 0, 23.79673
C:\Users\Acer\Desktop\data\IMG\center_2020_03_21_10_39_12_448.jpg, C:\Users\Acer\Desktop\data\IMG\left_2020_03_21_10_39_12_448.jpg, C:\Users\Acer\Desktop\data\IMG\right_2020_03_21_10_39_12_448.jpg, 0, 0, 0, 23.45773
C:\Users\Acer\Desktop\data\IMG\center_2020_03_21_10_39_12_556.jpg, C:\Users\Acer\Desktop\data\IMG\left_2020_03_21_10_39_12_556.jpg, C:\Users\Acer\Desktop\data\IMG\right_2020_03_21_10_39_12_556.jpg, 0, 0, 0, 23.21846
C:\Users\Acer\Desktop\data\IMG\center_2020_03_21_10_39_12_659.jpg, C:\Users\Acer\Desktop\data\IMG\left_2020_03_21_10_39_12_659.jpg, C:\Users\Acer\Desktop\data\IMG\right_2020_03_21_10_39_12_659.jpg, 0, 0, 0, 22.9791
C:\Users\Acer\Desktop\data\IMG\center_2020_03_21_10_39_12_769.jpg, C:\Users\Acer\Desktop\data\IMG\left_2020_03_21_10_39_12_769.jpg, C:\Users\Acer\Desktop\data\IMG\right_2020_03_21_10_39_12_769.jpg, 0, 0, 0, 22.69086
C:\Users\Acer\Desktop\data\IMG\center_2020_03_21_10_39_12_874.jpg, C:\Users\Acer\Desktop\data\IMG\left_2020_03_21_10_39_12_874.jpg, C:\Users\Acer\Desktop\data\IMG\right_2020_03_21_10_39_12_874.jpg, 0, 0, 0, 22.45293
C:\Users\Acer\Desktop\data\IMG\center_2020_03_21_10_39_12_976.jpg, C:\Users\Acer\Desktop\data\IMG\left_2020_03_21_10_39_12_976.jpg, C:\Users\Acer\Desktop\data\IMG\right_2020_03_21_10_39_12_976.jpg, 0, 0, 0, 22.20332
C:\Users\Acer\Desktop\data\IMG\center_2020_03_21_10_39_13_078.jpg, C:\Users\Acer\Desktop\data\IMG\left_2020_03_21_10_39_13_078.jpg, C:\Users\Acer\Desktop\data\IMG\right_2020_03_21_10_39_13_078.jpg, 0, 0, 0, 21.78993
C:\Users\Acer\Desktop\data\IMG\center_2020_03_21_10_39_13_183.jpg, C:\Users\Acer\Desktop\data\IMG\left_2020_03_21_10_39_13_183.jpg, C:\Users\Acer\Desktop\data\IMG\right_2020_03_21_10_39_13_183.jpg, 0, 0, 0, 21.72347
C:\Users\Acer\Desktop\data\IMG\center_2020_03_21_10_39_13_284.jpg, C:\Users\Acer\Desktop\data\IMG\left_2020_03_21_10_39_13_284.jpg, C:\Users\Acer\Desktop\data\IMG\right_2020_03_21_10_39_13_284.jpg, -0.2652554, 0, 0, 21.04148
C:\Users\Acer\Desktop\data\IMG\center_2020_03_21_10_39_13_398.jpg, C:\Users\Acer\Desktop\data\IMG\left_2020_03_21_10_39_13_398.jpg, C:\Users\Acer\Desktop\data\IMG\right_2020_03_21_10_39_13_398.jpg, 0, 0, 0, 20.8113
C:\Users\Acer\Desktop\data\IMG\center_2020_03_21_10_39_13_505.jpg, C:\Users\Acer\Desktop\data\IMG\left_2020_03_21_10_39_13_505.jpg, C:\Users\Acer\Desktop\data\IMG\right_2020_03_21_10_39_13_505.jpg, 0, 0, 0, 20.70589
C:\Users\Acer\Desktop\data\IMG\center_2020_03_21_10_39_13_607.jpg, C:\Users\Acer\Desktop\data\IMG\left_2020_03_21_10_39_13_607.jpg, C:\Users\Acer\Desktop\data\IMG\right_2020_03_21_10_39_13_607.jpg, 0, 0, 0, 20.51692
C:\Users\Acer\Desktop\data\IMG\center_2020_03_21_10_39_13_715.jpg, C:\Users\Acer\Desktop\data\IMG\left_2020_03_21_10_39_13_715.jpg, C:\Users\Acer\Desktop\data\IMG\right_2020_03_21_10_39_13_715.jpg, 0, 0.3260816, 0, 19.53789
C:\Users\Acer\Desktop\data\IMG\center_2020_03_21_10_39_13_816.jpg, C:\Users\Acer\Desktop\data\IMG\left_2020_03_21_10_39_13_816.jpg, C:\Users\Acer\Desktop\data\IMG\right_2020_03_21_10_39_13_816.jpg, 0, 0.6053191, 0, 19.30157
C:\Users\Acer\Desktop\data\IMG\center_2020_03_21_10_39_13_925.jpg, C:\Users\Acer\Desktop\data\IMG\left_2020_03_21_10_39_13_925.jpg, C:\Users\Acer\Desktop\data\IMG\right_2020_03_21_10_39_13_925.jpg, -0.09998709, 0.9237412, 0, 19.34503
C:\Users\Acer\Desktop\data\IMG\center_2020_03_21_10_39_14_031.jpg, C:\Users\Acer\Desktop\data\IMG\left_2020_03_21_10_39_14_031.jpg, C:\Users\Acer\Desktop\data\IMG\right_2020_03_21_10_39_14_031.jpg, 0, 1, 0, 14.98424
C:\Users\Acer\Desktop\data\IMG\center_2020_03_21_10_39_14_135.jpg, C:\Users\Acer\Desktop\data\IMG\left_2020_03_21_10_39_14_135.jpg, C:\Users\Acer\Desktop\data\IMG\right_2020_03_21_10_39_14_135.jpg, -0.3126892, 1, 0, 13.40816
C:\Users\Acer\Desktop\data\IMG\center_2020_03_21_10_39_14_242.jpg, C:\Users\Acer\Desktop\data\IMG\left_2020_03_21_10_39_14_242.jpg, C:\Users\Acer\Desktop\data\IMG\right_2020_03_21_10_39_14_242.jpg, -0.6062675, 1, 0, 11.44155
C:\Users\Acer\Desktop\data\IMG\center_2020_03_21_10_39_14_348.jpg, C:\Users\Acer\Desktop\data\IMG\left_2020_03_21_10_39_14_348.jpg, C:\Users\Acer\Desktop\data\IMG\right_2020_03_21_10_39_14_348.jpg, -0.9541138, 1, 0, 8.157253
C:\Users\Acer\Desktop\data\IMG\center_2020_03_21_10_39_14_456.jpg, C:\Users\Acer\Desktop\data\IMG\left_2020_03_21_10_39_14_456.jpg, C:\Users\Acer\Desktop\data\IMG\right_2020_03_21_10_39_14_456.jpg, -1, 1, 0, 5.386488
C:\Users\Acer\Desktop\data\IMG\center_2020_03_21_10_39_14_563.jpg, C:\Users\Acer\Desktop\data\IMG\left_2020_03_21_10_39_14_563.jpg, C:\Users\Acer\Desktop\data\IMG\right_2020_03_21_10_39_14_563.jpg, -1, 1, 0, 2.711092
C:\Users\Acer\Desktop\data\IMG\center_2020_03_21_10_39_14_665.jpg, C:\Users\Acer\Desktop\data\IMG\left_2020_03_21_10_39_14_665.jpg, C:\Users\Acer\Desktop\data\IMG\right_2020_03_21_10_39_14_665.jpg, -1, 1, 0, 0.2104043
C:\Users\Acer\Desktop\data\IMG\center_2020_03_21_10_39_14_771.jpg, C:\Users\Acer\Desktop\data\IMG\left_2020_03_21_10_39_14_771.jpg, C:\Users\Acer\Desktop\data\IMG\right_2020_03_21_10_39_14_771.jpg, -1, 1, 0, 0.2453297
C:\Users\Acer\Desktop\data\IMG\center_2020_03_21_10_39_14_874.jpg, C:\Users\Acer\Desktop\data\IMG\left_2020_03_21_10_39_14_874.jpg, C:\Users\Acer\Desktop\data\IMG\right_2020_03_21_10_39_14_874.jpg, -1, 1, 0, 0.1020213
C:\Users\Acer\Desktop\data\IMG\center_2020_03_21_10_39_14_981.jpg, C:\Users\Acer\Desktop\data\IMG\left_2020_03_21_10_39_14_981.jpg, C:\Users\Acer\Desktop\data\IMG\right_2020_03_21_10_39_14_981.jpg, -1, 1, 0, 0.0100289
C:\Users\Acer\Desktop\data\IMG\center_2020_03_21_10_39_15_088.jpg, C:\Users\Acer\Desktop\data\IMG\left_2020_03_21_10_39_15_088.jpg, C:\Users\Acer\Desktop\data\IMG\right_2020_03_21_10_39_15_088.jpg, -0.8952239, 1, 0, 0.09474812
C:\Users\Acer\Desktop\data\IMG\center_2020_03_21_10_39_15_189.jpg, C:\Users\Acer\Desktop\data\IMG\left_2020_03_21_10_39_15_189.jpg, C:\Users\Acer\Desktop\data\IMG\right_2020_03_21_10_39_15_189.jpg, -0.5893961, 1, 0, 0.1010372
C:\Users\Acer\Desktop\data\IMG\center_2020_03_21_10_39_15_299.jpg, C:\Users\Acer\Desktop\data\IMG\left_2020_03_21_10_39_15_299.jpg, C:\Users\Acer\Desktop\data\IMG\right_2020_03_21_10_39_15_299.jpg, -0.2938898, 1, 0, 0.005030298
C:\Users\Acer\Desktop\data\IMG\center_2020_03_21_10_39_15_404.jpg, C:\Users\Acer\Desktop\data\IMG\left_2020_03_21_10_39_15_404.jpg, C:\Users\Acer\Desktop\data\IMG\right_2020_03_21_10_39_15_404.jpg, 0, 1, 0, 0.09207947
C:\Users\Acer\Desktop\data\IMG\center_2020_03_21_10_39_15_513.jpg, C:\Users\Acer\Desktop\data\IMG\left_2020_03_21_10_39_15_513.jpg, C:\Users\Acer\Desktop\data\IMG\right_2020_03_21_10_39_15_513.jpg, 0, 1, 0, 0.01846125
C:\Users\Acer\Desktop\data\IMG\center_2020_03_21_10_39_15_617.jpg, C:\Users\Acer\Desktop\data\IMG\left_2020_03_21_10_39_15_617.jpg, C:\Users\Acer\Desktop\data\IMG\right_2020_03_21_10_39_15_617.jpg, 0, 1, 0, 0.03013062
C:\Users\Acer\Desktop\data\IMG\center_2020_03_21_10_39_15_718.jpg, C:\Users\Acer\Desktop\data\IMG\left_2020_03_21_10_39_15_718.jpg, C:\Users\Acer\Desktop\data\IMG\right_2020_03_21_10_39_15_718.jpg, 0, 1, 0, 0.04382068
C:\Users\Acer\Desktop\data\IMG\center_2020_03_21_10_39_15_821.jpg, C:\Users\Acer\Desktop\data\IMG\left_2020_03_21_10_39_15_821.jpg, C:\Users\Acer\Desktop\data\IMG\right_2020_03_21_10_39_15_821.jpg, 0, 0.7232186, 0, 0.03013589
C:\Users\Acer\Desktop\data\IMG\center_2020_03_21_10_39_15_925.jpg, C:\Users\Acer\Desktop\data\IMG\left_2020_03_21_10_39_15_925.jpg, C:\Users\Acer\Desktop\data\IMG\right_2020_03_21_10_39_15_925.jpg, 0, 0.4071449, 0, 0.004891454
C:\Users\Acer\Desktop\data\IMG\center_2020_03_21_10_39_16_038.jpg, C:\Users\Acer\Desktop\data\IMG\left_2020_03_21_10_39_16_038.jpg, C:\Users\Acer\Desktop\data\IMG\right_2020_03_21_10_39_16_038.jpg, 0, 0.04101897, 0, 0.01231444
C:\Users\Acer\Desktop\data\IMG\center_2020_03_21_10_39_16_140.jpg, C:\Users\Acer\Desktop\data\IMG\left_2020_03_21_10_39_16_140.jpg, C:\Users\Acer\Desktop\data\IMG\right_2020_03_21_10_39_16_140.jpg, 0, 0, 0, 0.007230535
C:\Users\Acer\Desktop\data\IMG\center_2020_03_21_10_39_16_248.jpg, C:\Users\Acer\Desktop\data\IMG\left_2020_03_21_10_39_16_248.jpg, C:\Users\Acer\Desktop\data\IMG\right_2020_03_21_10_39_16_248.jpg, 0, 0, 0, 0.001731826
C:\Users\Acer\Desktop\data\IMG\center_2020_03_21_10_39_16_354.jpg, C:\Users\Acer\Desktop\data\IMG\left_2020_03_21_10_39_16_354.jpg, C:\Users\Acer\Desktop\data\IMG\right_2020_03_21_10_39_16_354.jpg, 0, 0, 0, 0.002076882
C:\Users\Acer\Desktop\data\IMG\center_2020_03_21_10_39_16_461.jpg, C:\Users\Acer\Desktop\data\IMG\left_2020_03_21_10_39_16_461.jpg, C:\Users\Acer\Desktop\data\IMG\right_2020_03_21_10_39_16_461.jpg, 0, 0, 0, 0.001866719
C:\Users\Acer\Desktop\data\IMG\center_2020_03_21_10_39_16_562.jpg, C:\Users\Acer\Desktop\data\IMG\left_2020_03_21_10_39_16_562.jpg, C:\Users\Acer\Desktop\data\IMG\right_2020_03_21_10_39_16_562.jpg, 0, 0, 0, 0.001632869
C:\Users\Acer\Desktop\data\IMG\center_2020_03_21_10_39_16_673.jpg, C:\Users\Acer\Desktop\data\IMG\left_2020_03_21_10_39_16_673.jpg, C:\Users\Acer\Desktop\data\IMG\right_2020_03_21_10_39_16_673.jpg, 0, 0, 0, 0.00289788
C:\Users\Acer\Desktop\data\IMG\center_2020_03_21_10_39_16_775.jpg, C:\Users\Acer\Desktop\data\IMG\left_2020_03_21_10_39_16_775.jpg, C:\Users\Acer\Desktop\data\IMG\right_2020_03_21_10_39_16_775.jpg, 0, 0, 0, 0.002109001
C:\Users\Acer\Desktop\data\IMG\center_2020_03_21_10_39_16_886.jpg, C:\Users\Acer\Desktop\data\IMG\left_2020_03_21_10_39_16_886.jpg, C:\Users\Acer\Desktop\data\IMG\right_2020_03_21_10_39_16_886.jpg, 0, 0, 0, 0.003731365
C:\Users\Acer\Desktop\data\IMG\center_2020_03_21_10_39_16_999.jpg, C:\Users\Acer\Desktop\data\IMG\left_2020_03_21_10_39_16_999.jpg, C:\Users\Acer\Desktop\data\IMG\right_2020_03_21_10_39_16_999.jpg, 0, 0, 0, 0.002195011
